id,card,location,connections
1,"Viper Wedge Chassis","chassis:0,0,0",
2,"Galaxy 300 3S","chassis:190.0,190.0,0","c_1791432298682_2;c_1791432349115_5;c_1791432709850_19"
3,"Brushless Motor","chassis:230.0,190.0,0","c_1791432281032_1;c_1791432327096_3;c_1791432541809_12;c_1791432709850_19"
4,"Banebots T81 Heavy Wheels","chassis:270.0,190.0,0","c_1791432298682_2;c_1791432541809_12;c_1791432653310_18"
5,"Banebots T81 Heavy Wheels","chassis:110.0,190.0,0","c_1791432349115_5;c_1791432532067_11;c_1791432647837_17"
6,"Brushless Motor","chassis:150.0,190.0,0","c_1791432281032_1;c_1791432343823_4;c_1791432532067_11;c_1791432709850_19"
7,"Galaxy 300 3S","chassis:190.0,110.0,0","c_1791432880493_21"
8,"Brushless Motor","chassis:140.0,70.0,0","c_1791432532067_11;c_1791432563866_13"
9,"Brushless Motor","chassis:240.0,70.0,0","c_1791432541809_12;c_1791432567778_14"
10,"Galaxy 120","chassis:140.0,130.0,0","c_1791432343823_4;c_1791432349115_5;c_1791432513505_9;c_1791432563866_13"
11,"Galaxy 120","chassis:240.0,130.0,0","c_1791432298682_2;c_1791432327096_3;c_1791432518724_10;c_1791432567778_14"
12,"Banebots Compliant Wheels","chassis:100.0,70.0,0","c_1791432513505_9;c_1791432532067_11;c_1791432647837_17"
13,"Banebots Compliant Wheels","chassis:280.0,70.0,0","c_1791432518724_10;c_1791432541809_12;c_1791432653310_18"
14,"Titanium Wedge","chassis:110.0,20.0,90",""
15,"Titanium Wedge","chassis:240.0,20.0,90",""
16,"TPU Plate","chassis:90.0,130.0,0","c_1791432343823_4;c_1791432563866_13"
17,"TPU Plate","chassis:290.0,130.0,0","c_1791432327096_3;c_1791432567778_14"
18,"UHMW Wraparound Armor","chassis:180.0,250.0,90","c_1791432281032_1;c_1791432298682_2;c_1791432349115_5"
19,"Horizontal Spinner","chassis:190.0,0.0,0","c_1791432880493_21"
20,"D2830 Weapon Motor","chassis:190.0,50.0,0","c_1791432460456_8;c_1791432819573_20"
