Name,Weight,Cost,Template,Requirements,Outputs,Durability,Absorption,Keywords,Text,Picture
SSP Wedge Chassis,,,,,,0,0,,,components/kits_and_chassis/just-cuz-robotics-ssp-beetleweight-combat-robot-kit-wedge.png
Squeezy Grabber Chassis,,,,,,0,0,,,components/kits_and_chassis/turnabot-squeezy-fairyweight-combat-robot-kit.jpg
Slammer Overhead Chassis,,,,,,0,0,,,components/kits_and_chassis/turnabot-slammer-fairyweight-combat-robot-kit.jpg
NightWing Undercutter Chassis,,,,,,0,0,,,components/kits_and_chassis/fingertech-nightwing-beetleweight-kit.jpeg
Scalar Low-Profile Chassis,,,,,,0,0,,,components/kits_and_chassis/scalar-combat-robot-kit.jpg
Kerfuffle Flipper Chassis,,,,,,0,0,,,components/kits_and_chassis/kerfuffle-plastic-antweight-kit-complete-edition.jpg
Outrun Heavy Beetle Chassis,,,,,,0,0,,,components/kits_and_chassis/outrun-beetleweight-combat-robot-kit.jpg
Synthwave Vertical Drum Chassis,,,,,,0,0,,,components/kits_and_chassis/synthwave-antweight-combat-robot-kit.jpg
Saifu Beater Chassis,,,,,,0,0,,,components/kits_and_chassis/saifu-v3-bot-kit.jpeg
Modular Snap Chassis,,,,,,0,0,,,components/kits_and_chassis/witch-doctor-kit-modular.webp
Naked Ant Platform,,,,,,0,0,,,components/kits_and_chassis/brushless-naked-ant-kit-with-battery.jpg
